photon,S_n_records,S_path_length_m,S_min_r_m,S_bend_rad,F_n_records,F_path_length_m,F_min_r_m,F_bend_rad,delta_bend_rad
0,2,0.0,nan,0.0,2,3.0374638687968724e+25,1.5187319343984349e+25,0.0,0.0
1,2,3.037463734029779e+25,1.5187319343984375e+25,3.7073657824470996e-07,2,3.0374638661806433e+25,1.5187319343984375e+25,4.712160915387242e-08,-3.2361496909083756e-07
2,2,3.0374636965268907e+25,1.5187319343984375e+25,1.2815864944008584e-06,2,3.037463865360383e+25,1.5187319343984375e+25,4.942156062059701e-08,-1.2321649337802613e-06
3,2,3.037463696526891e+25,1.5187319343984375e+25,1.2815864944008584e-06,2,3.037463865987361e+25,1.5187319343984375e+25,4.4703483581542975e-08,-1.2368830108193154e-06
4,2,3.0374638462194233e+25,1.5187319343984375e+25,0.0,2,3.0374638664611424e+25,1.5187319343984375e+25,2.1073424255447017e-08,2.1073424255447017e-08
5,2,3.0374638248423733e+25,1.5187319343984375e+25,6.143906154658886e-08,2,3.0374638661737997e+25,1.5187319343984375e+25,2.9802322387695312e-08,-3.163673915889355e-08
6,2,3.037463824842374e+25,1.5187319343984375e+25,6.143906154658886e-08,2,3.0374638663879e+25,1.5187319343984375e+25,2.1073424255447017e-08,-4.0365637291141846e-08
