photon,S_n_records,S_path_length_m,S_min_r_m,S_bend_rad,F_n_records,F_path_length_m,F_min_r_m,F_bend_rad,delta_bend_rad
0,2,1.37340709673649e+25,6.174073455134372e+24,0.9277711395553163,2,1.8272996924984362e+25,9.112391606390625e+24,0.0,-0.9277711395553163
1,2,1.8272996758527426e+25,9.112391606390625e+24,0.0,2,1.8272996899321104e+25,9.112391606390625e+24,6.828569911354543e-08,6.828569911354543e-08
2,2,1.8272996641494273e+25,9.112391606390625e+24,1.8966081829902343e-07,2,1.8272996891213416e+25,9.112391606390625e+24,8.815645848363069e-08,-1.0150435981539275e-07
3,2,1.8272996641494255e+25,9.112391606390625e+24,1.8966081829902343e-07,2,1.8272996897320229e+25,9.112391606390625e+24,7.45058059692383e-08,-1.1515501232978514e-07
4,2,1.827299692199215e+25,9.112391606390625e+24,2.9802322387695312e-08,2,1.8272996901452468e+25,9.112391606390625e+24,3.332000937312528e-08,3.5176869854299695e-09
5,2,1.8272996894211052e+25,9.112391606390625e+24,2.1073424255447017e-08,2,1.8272996898569989e+25,9.112391606390625e+24,4.2146848510894035e-08,2.1073424255447017e-08
6,2,1.8272996894211052e+25,9.112391606390625e+24,2.580956827951785e-08,2,1.8272996900719397e+25,9.112391606390625e+24,3.332000937312528e-08,7.510441093607431e-09
