photon,S_n_records,S_path_length_m,S_min_r_m,S_bend_rad,F_n_records,F_path_length_m,F_min_r_m,F_bend_rad,delta_bend_rad
0,2,0.0,1.5187319343984375e+25,0.0,2,0.0,1.5187319343984375e+25,0.0,0.0
1,2,0.0,1.5187319343984375e+25,0.0,2,0.0,1.5187319343984375e+25,0.0,0.0
2,2,0.0,1.5187319343984375e+25,0.0,2,0.0,1.5187319343984375e+25,0.0,0.0
3,2,0.0,1.5187319343984375e+25,0.0,2,0.0,1.5187319343984375e+25,0.0,0.0
4,2,0.0,1.5187319343984375e+25,1.4901161193847656e-08,2,0.0,1.5187319343984375e+25,1.4901161193847656e-08,0.0
5,2,0.0,1.5187319343984375e+25,1.4901161193847656e-08,2,0.0,1.5187319343984375e+25,1.4901161193847656e-08,0.0
6,2,0.0,1.5187319343984375e+25,1.4901161193847656e-08,2,0.0,1.5187319343984375e+25,1.4901161193847656e-08,0.0
