photon,S_n_records,S_path_length_m,S_min_r_m,S_bend_rad,F_n_records,F_path_length_m,F_min_r_m,F_bend_rad,delta_bend_rad
0,2,0.0,nan,0.0,2,3.0374638687966387e+25,1.5187319343982012e+25,0.0,0.0
1,2,3.7059757536067734e+25,1.5187319343984375e+25,0.03928978896761607,2,3.037463866458933e+25,1.5187319343984375e+25,0.0,-0.03928978896761607
2,2,3.705975753606773e+25,1.5187319343984375e+25,0.039289788967610415,2,3.037463866231111e+25,1.5187319343984375e+25,2.9802322387695312e-08,-0.03928975916528803
